id,enter,leave
17,1412694422,1412700076
16,1412694482,1412699956
1,1412694842,1412700617
14,1412694902,1412701157
12,1412695142,1412700797
19,1412697241,1412700857
12,1412867761,1412867896
12,1413298922,1413307996
17,1413301082,1413308056
19,1413393061,1413393316
14,1413472262,1413472696
14,1413473401,1413480377
1,1413476041,1413480377
17,1413901561,1413909796
16,1413904021,1413909016
17,1414076041,1414087037
12,1414076702,1414084577
17,1414510682,1414511776
18,1414511701,1414519816
12,1414512181,1414519816
17,1414513202,1414517956
16,1414514461,1414519097
19,1414685521,1414688956
12,1414686481,1414690277
17,1415117341,1415122576
18,1415117401,1415124617
19,1415120161,1415124257
17,1415286962,1415299036
19,1415290561,1415293756
12,1415291881,1415298976
17,1415631781,1415634376
17,1415640302,1415649377
16,1415719381,1415729296
17,1415720342,1415721736
17,1415723282,1415727437
17,1415892602,1415902517
12,1415895181,1415904016
19,1415896202,1415902276
17,1416323101,1416325396
16,1416324002,1416335656
19,1416326642,1416332477
17,1416326942,1416332597
12,1416327961,1416335476
17,1416498722,1416505697
17,1416929281,1416930497
16,1416931621,1416941116
17,1416932161,1416936976
17,1417532822,1417535176
16,1417534321,1417542256
17,1417536781,1417541957
14,1417536961,1417542376
12,1417540381,1417542376
17,1417624141,1417624216
12,1417708922,1417713857
12,1418745782,1418749996
16,1418746142,1418749996
17,1420903621,1420903876
17,1421161502,1421163497
16,1421165041,1421170156
17,1421165461,1421170936
12,1421168221,1421170456
12,1421339041,1421345537
17,1421489582,1421495117
17,1421499301,1421499856
17,1421767621,1421775916
12,1421769842,1421775556
16,1421770322,1421775376
17,1421942281,1421948476
19,1421943901,1421945837
17,1421994061,1421994436
17,1422293641,1422294016
16,1422372301,1422378736
12,1422375602,1422381497
12,1422547381,1422557296
14,1422548581,1422551356
14,1422552362,1422552856
17,1422552902,1422557956
1,1422555302,1422559156
17,1422977581,1422985276
16,1422979981,1422985156
1,1422983881,1422987257
12,1422984421,1422984917
17,1423151942,1423160836
12,1423153922,1423160356
17,1423234741,1423242377
17,1423580401,1423583056
17,1423584542,1423587136
19,1423584901,1423589596
17,1423589101,1423590196
17,1423757341,1423765336
12,1423758421,1423764916
19,1423805221,1423805657
17,1424187062,1424188036
16,1424188261,1424194997
12,1424189401,1424195537
17,1424189522,1424195057
12,1424361122,1424371157
17,1424364421,1424370737
17,1424707382,1424709736
17,1424791681,1424798116
16,1424793361,1424798416
12,1424794021,1424801896
12,1424967601,1424976136
17,1424968921,1424974096
16,1425568681,1425575357
12,1425571681,1425580277
17,1425571981,1425579257
1,1425575641,1425587596
19,1425576061,1425580217
2,1425990181,1426042636
17,1426001402,1426002196
12,1426002362,1426012096
16,1426002902,1426011857
17,1426004041,1426010236
1,1426004221,1426019896
19,1426005481,1426011437
1,1426022941,1426026196
1,1426036142,1426040776
17,1426175281,1426183876
2,1426176181,1426206737
1,1426176541,1426191376
12,1426177501,1426185496
1,1426196881,1426199416
2,1426513801,1426559956
1,1426515061,1426535537
1,1426541282,1426546156
17,1426604521,1426606636
12,1426608782,1426617976
2,1426613581,1426641556
1,1426639021,1426640536
12,1426776421,1426795936
17,1426779122,1426791737
2,1426782601,1426796776
1,1426782901,1426783156
1,1426784041,1426796116
2,1426848961,1426904236
2,1426956301,1426969756
1,1426957321,1426958296
1,1426968781,1426969336
2,1427035262,1427076196
1,1427037782,1427051056
1,1427053502,1427075536
2,1427108161,1427114176
1,1427110862,1427113756
2,1427115661,1427162236
1,1427116861,1427161157
17,1427123161,1427125876
17,1427131801,1427136796
2,1427203381,1427256736
1,1427204821,1427239936
12,1427213701,1427222776
2,1427285161,1427294056
2,1427295961,1427305816
2,1427318761,1427319196
2,1427321102,1427371997
12,1427387041,1427396416
1,1427390401,1427406136
17,1427390821,1427396656
1,1427409841,1427410396
2,1427411461,1427418017
2,1427463781,1427480596
1,1427468521,1427476276
17,1427478301,1427479336
1,1427480281,1427480356
2,1427545562,1427545637
2,1427549041,1427553436
2,1427566501,1427567177
2,1427646541,1427648716
17,1427733182,1427738177
2,1427739961,1427741536
16,1427813881,1427819596
12,1427814362,1427827276
17,1427814661,1427820256
12,1427987161,1428002117
17,1428417061,1428417676
16,1428419101,1428424757
17,1428419221,1428424876
2,1428422401,1428435557
1,1428422881,1428435376
12,1428424381,1428427636
17,1428502442,1428509297
17,1428588661,1428599116
12,1428592261,1428609617
17,1428599881,1428602356
17,1428747721,1428753736
17,1428758521,1428759796
17,1428833041,1428834376
17,1428942541,1428948016
17,1428950041,1428950536
17,1429020781,1429024037
16,1429023121,1429030156
17,1429025341,1429029857
12,1429029421,1429036817
12,1429194541,1429208716
2,1429197661,1429208356
17,1429202041,1429207216
17,1429443181,1429446317
17,1429448881,1429449256
12,1429539541,1429555877
17,1429547341,1429553236
17,1429626661,1429634657
16,1429629122,1429634776
2,1429631162,1429642877
12,1429638482,1429639156
2,1429700401,1429721656
12,1429715221,1429724536
19,1429716361,1429718836
12,1429798321,1429815736
17,1430152141,1430157496
16,1430233141,1430234296
17,1430233502,1430239276
12,1430233741,1430245636
19,1430233982,1430240897
2,1430234581,1430269036
13,1430236741,1430238076
16,1430238781,1430240656
2,1430390341,1430410456
17,1430668081,1430670916
2,1430673422,1430713036
17,1430832601,1430843597
2,1430841001,1430872636
2,1430942701,1430987296
1,1431079562,1431081676
2,1431113161,1431113297
2,1431348181,1431366376
2,1431376441,1431376996
2,1431378001,1431378616
2,1431383461,1431384257
2,1431387182,1431389296
2,1431389941,1431390076
19,1431440642,1431444737
16,1431441841,1431451216
12,1431447601,1431452356
7,1431594601,1431601577
7,1431602821,1431624317
16,1432046942,1432056076
19,1432047842,1432054889
12,1432048501,1432058416
2,1432135981,1432147156
2,1432218181,1432246157
19,1432220461,1432222816
12,1432221421,1432234576
17,1432222321,1432227256
2,1432292702,1432327936
2,1432401061,1432412836
17,1432564441,1432566376
2,1432568761,1432604356
19,1432652822,1432657576
12,1432653722,1432664117
2,1432663321,1432682776
2,1432743841,1432768756
12,1432825981,1432840156
2,1432830182,1432849217
2,1432891742,1432894337
1,1432894801,1432930336
2,1432896121,1432928537
2,1432998182,1433010377
1,1433000401,1433010136
2,1433166002,1433183416
19,1433256421,1433259136
12,1433259362,1433271856
2,1433427601,1433441537
12,1433431021,1433443216
2,1433574541,1433582416
2,1433774821,1433781496
2,1433782321,1433981476
12,1433869501,1433873237
17,1433869501,1433874076
19,1434035522,1434039736
16,1434035641,1434041836
1,1434036962,1434043576
12,1434037081,1434044596
17,1434039901,1434041596
1,1434045961,1434074236
2,1434232441,1434232817
2,1434295681,1434298156
1,1434365881,1434379216
2,1434367441,1434386896
16,1434466081,1434472276
12,1434468661,1434480976
12,1434873782,1434881176
12,1435071721,1435083496
16,1435244581,1435250236
12,1435245181,1435257736
16,1435677361,1435681456
19,1436600701,1436601496
19,1436607602,1436607736
16,1440511621,1440511696
16,1441115861,1441116196
17,1441115861,1441125076
12,1441123922,1441126636
16,1441125301,1441126397
17,1441288981,1441295656
12,1441293602,1441295536
2,1441652461,1441670056
16,1441716961,1441725436
17,1441720381,1441729997
12,1441723922,1441731796
16,1441727162,1441727237
1,1441795141,1441795696
2,1441818421,1441823956
17,1441897803,1441904056
1,1441979701,1441982237
1,1442225821,1442229377
16,1442322961,1442328016
16,1442329441,1442333956
17,1442928722,1442939716
19,1442930821,1442933837
1,1443179341,1443186016
1,1443438601,1443439697
1,1443440341,1443444256
16,1443531001,1443541637
17,1443534961,1443544037
12,1443543421,1443544037
12,1443544655,1443545416
16,1443544655,1443545597
17,1443705662,1443709396
17,1443716461,1443716717
17,1443720361,1443722536
1,1443788042,1443789379
1,1443790381,1443794896
1,1444125721,1444135576
2,1444134061,1444135337
16,1444137241,1444150396
19,1444143422,1444150576
14,1444143781,1444155256
1,1444291142,1444300396
2,1444306201,1444316716
17,1444316941,1444327096
17,1444332361,1444332616
2,1444652821,1444662856
17,1444667642,1444672396
16,1444744083,1444745656
17,1444749361,1444756156
19,1444750621,1444752437
16,1444751461,1444754716
1,1444837382,1444840156
2,1445275921,1445276776
2,1445279461,1445279896
16,1445349721,1445358496
17,1445352781,1445358256
19,1445356261,1445356696
17,1445433421,1445435716
7,1445526241,1445529016
17,1445536861,1445537596
2,1445611261,1445624836
16,1445952722,1445953996
16,1445955722,1445965096
12,1445961302,1445965756
12,1446135062,1446141316
19,1446222061,1446222316
17,1446485581,1446490756
2,1446554161,1446579316
16,1446563101,1446571336
2,1446645002,1446660496
1,1446657481,1446660496
1,1446725222,1446742576
2,1446727981,1446741497
2,1447014061,1447079536
2,1447158602,1447203556
19,1447171442,1447173196
12,1447172101,1447176917
16,1447172521,1447175477
19,1447174441,1447175056
16,1447176061,1447176316
2,1447326721,1447389376
1,1447335722,1447336636
1,1447339501,1447342756
2,1447426921,1447453757
1,1447435021,1447453757
2,1447532341,1447603756
2,1447689542,1447724236
1,1447693381,1447724236
16,1447772221,1447772596
19,1447778641,1447781176
16,1447778701,1447778836
1,1447782061,1447810336
2,1447782482,1447787296
16,1447782542,1447782797
2,1447808821,1447810336
1,1447947182,1447947796
16,1448375522,1448375717
16,1448379001,1448387776
19,1448382901,1448387596
12,1448385121,1448385436
12,1448387821,1448389397
16,1448979961,1448983157
16,1448986921,1448988016
17,1448987881,1448989156
19,1448988542,1448989576
12,1448989801,1448990236
17,1449590462,1449595936
19,1449592141,1449595337
2,1449592922,1449595337
17,1449603962,1449604097
16,1450193221,1450201697
12,1450196162,1450202236
19,1450197061,1450201637
2,1450632421,1450633096
17,1451737741,1451738117
16,1452609661,1452615076
19,1452612722,1452621976
12,1452614521,1452621976
16,1452620822,1452621496
16,1453211882,1453226956
2,1453221841,1453225756
19,1453221901,1453225756
2,1453449961,1453471636
2,1453646881,1453654996
19,1453653482,1453654996
16,1453817941,1453831036
19,1453823942,1453831457
2,1453825921,1453831457
17,1453826941,1453829656
2,1453989602,1453997476
17,1454424722,1454425097
17,1454425655,1454434216
12,1454428261,1454435656
19,1454429101,1454436736
18,1454433122,1454437396
19,1454437621,1454437756
2,1454780342,1454798837
1,1454782801,1454783597
1,1454785381,1454800216
1,1454860201,1454884996
2,1454864161,1454885776
17,1455033961,1455039196
19,1455038162,1455042796
19,1455206521,1455207076
17,1455557761,1455562756
16,1455633241,1455645916
12,1455639001,1455645736
19,1455639361,1455639736
19,1455646141,1455646816
17,1455719701,1455721516
7,1455911282,1455919157
16,1456239181,1456248137
19,1456241221,1456249636
12,1456242302,1456249996
7,1456246441,1456249456
17,1456567321,1456568956
2,1456567321,1456568956
19,1456568761,1456568956
16,1459258235,1459259785
16,1459264160,1459264395
19,1459265827,1459267155
4,1459266242,1459267155
2,1459267641,1459267875
19,1459267682,1459268840
4,1459267800,1459268475
16,1459866696,1459867172
16,1461076321,1461076957
16,1461078129,1461078521
16,1461081270,1461108136
1,1461084481,1461101536
2,1461086882,1461096737
16,1461677882,1461690137
12,1461683042,1461690737
4,1461685082,1461698537
2,1461685201,1461697336
1,1461686341,1461696737
2,1461697921,1461706280
1,1461856381,1461857537
2,1462038901,1462040537
7,1462104662,1462122137
2,1462211642,1462217537
2,1462218243,1462221737
2,1462222861,1462224137
16,1462285921,1462286536
12,1462286281,1462299136
16,1462287122,1462318996
2,1462295881,1462302137
1,1462296001,1462310477
2,1462465202,1462465936
2,1462483862,1462485736
2,1462542661,1462545737
4,1462894141,1462902736
2,1462897502,1462910598
1,1462897681,1462912396
4,1462905661,1462908137
17,1463148961,1463149937
2,1463150402,1463163740
16,1463491801,1463504537
2,1463769781,1463775137
7,1463903401,1463916736
16,1464095221,1464108197
12,1464099241,1464118940
1,1464100741,1464123138
2,1464103321,1464118940
19,1464104702,1464109396
1,1464124023,1464139940
2,1464273844,1464275539
1,1464278284,1464293356
2,1464444181,1464460156
12,1464526321,1464526757
2,1464614462,1464618557
16,1464705001,1464709756
12,1464709442,1464715757
1,1464709681,1464716356
16,1464712861,1464715157
2,1464715622,1464760156
2,1464887523,1464894739
1,1464892023,1464894741
2,1464898264,1464898702
1,1464898504,1464898820
2,1464902765,1464903260
12,1464931443,1464931578
2,1465304223,1465310958
12,1465308663,1465311198
2,1465311483,1465316298
12,1465311783,1465320978
13,1465312744,1465312819
1,1465312863,1465320979
16,1465313225,1465314259
13,1465313404,1465314619
16,1465316883,1465319839
2,1465317244,1465324103
2,1465739404,1465745119
16,1465914847,1465923681
2,1465916703,1465924099
2,1466092503,1466099779
2,1466198527,1466206099
4,1466337843,1466338158
4,1466338803,1466340679
4,1466341204,1466344158
19,1466520424,1466523919
12,1466521024,1466530819
1,1466524204,1466530760
16,1467120786,1467132320
12,1467126064,1467133819
2,1467128343,1467130219
1,1467130746,1467136643
2,1467130864,1467136459
2,1467383884,1467392909
2,1467401764,1467421398
12,1467729363,1467739458
16,1467729484,1467737493
4,1467729846,1467743843
2,1467801303,1467801499
2,1467802144,1467802639
2,1467803463,1467803599
2,1467830840,1467832698
2,1467833344,1467846078
2,1468077484,1468089198
2,1468089844,1468094370
2,1468161123,1468162638
2,1468254843,1468267828
2,1468268353,1468271188
2,1468271777,1468272030
2,1468272724,1468278018
2,1468278663,1468288518
4,1468338603,1468342819
2,1468339503,1468356747
4,1468343643,1468355671
1,1468343947,1468356752
4,1468407903,1468408878
2,1468409163,1468412419
4,1468409524,1468409599
4,1468422543,1468429759
2,1468431664,1468434800
2,1468436464,1468437199
2,1468438040,1468438115
2,1468438756,1468438886
2,1468516203,1468516278
2,1468524189,1468525713
2,1468526289,1468527624
2,1468528569,1468532604
16,1468939928,1468942820
19,1468939983,1468942819
4,1468942204,1468942518
4,1468946405,1468947740
20,1468950963,1468952067
2,1468951444,1468952180
2,1468953065,1468959919
2,1469119924,1469129500
16,1470751986,1470758960
12,1470753064,1470763338
1,1470755524,1470763645
1,1470763926,1470765441
1,1470766446,1470766521
1,1470929703,1470935784
19,1471359488,1471365981
12,1471359724,1471366639
1,1471362303,1471375519
4,1471362964,1471368980
2,1471363023,1471365618
2,1471366204,1471368799
2,1471369325,1471375519
4,1471369567,1471375642
16,1471962486,1471971379
1,1471969383,1471978760
20,1471969624,1471974739
4,1471974006,1471974802
4,1471975686,1471977383
4,1471977967,1471978762
1,1472146803,1472146938
12,1472569804,1472575819
16,1472571066,1472575399
4,1472571724,1472584340
9,1472573403,1472579179
6,1472575265,1472582903
1,1472575807,1472584225
16,1473171187,1473171322
16,1473172927,1473174140
7,1473172983,1473190939
4,1473173945,1473189859
12,1473174246,1473185542
17,1473175148,1473178943
2,1473175266,1473179603
16,1473176345,1473176420
1,1473176413,1473179848
2,1473180190,1473183384
1,1473180671,1473190889
2,1473183970,1473185186
2,1473185771,1473192089
7,1473191223,1473192258
2,1473246614,1473246929
2,1473247514,1473251849
7,1473346204,1473347179
7,1473612904,1473612979
16,1473773347,1473784039
2,1473779833,1473784161
12,1473779885,1473792739
1,1473781323,1473802223
6,1473781564,1473801684
2,1473785645,1473787401
7,1473787327,1473802049
2,1473787987,1473792026
20,1473788591,1473792145
4,1473791830,1473791905
4,1473792675,1473795207
2,1473792851,1473792987
2,1473793512,1473801626
4,1473795853,1473802352
2,1473802215,1473802348
2,1473937454,1473953309
16,1474380966,1474386805
12,1474382944,1474397898
19,1474383425,1474387346
4,1474386304,1474402943
11,1474386912,1474402886
16,1474388344,1474390098
1,1474391110,1474402818
7,1474391228,1474401989
2,1474398606,1474401862
2,1474468453,1474476509
2,1474633093,1474634909
2,1474635434,1474635929
2,1474636814,1474639590
2,1474640414,1474640489
2,1474641074,1474644929
2,1474745414,1474747469
2,1474901774,1474918890
1,1474912744,1474912819
2,1474985234,1475010390
12,1474987923,1474988239
12,1474988524,1475003899
11,1474990264,1474990399
4,1474990265,1474990460
6,1474992124,1475003838
1,1474993205,1475004022
4,1474994404,1474997662
7,1474996267,1475004026
4,1474998306,1475005105
11,1474999628,1475004918
7,1475004309,1475004384
1,1475004843,1475005957
11,1475005504,1475010079
4,1475006593,1475010082
1,1475006647,1475009839
7,1475225224,1475225299
2,1475425155,1475443950
7,1475507523,1475518400
7,1475519284,1475527289
7,1475590566,1475592379
19,1475591647,1475593280
7,1475592663,1475605399
2,1475592673,1475603846
10,1475593624,1475598198
1,1475594589,1475609969
19,1475594591,1475599164
12,1475595485,1475610985
11,1475596027,1475609845
4,1475598070,1475599648
16,1475599092,1475599406
4,1475600532,1475609847
20,1475602925,1475609903
2,1475605870,1475609131
1,1475610130,1475610205
11,1475610491,1475617227
1,1475610787,1475611641
4,1475610795,1475617412
2,1475610973,1475617350
1,1475612226,1475613441
1,1475614026,1475617401
2,1475677383,1475691139
1,1475679724,1475679799
1,1475680624,1475692159
2,1475691844,1475695219
1,1475692684,1475695338
7,1475767444,1475778558
1,1475772244,1475778558
2,1475841073,1475851219
17,1475848931,1475850756
7,1475853124,1475854699
7,1475855644,1475863460
17,1475864052,1475864190
2,1475946004,1476041539
17,1476004992,1476006568
1,1476027484,1476027559
17,1476107773,1476109408
7,1476108063,1476114259
7,1476115083,1476116718
7,1476179884,1476182658
2,1476196923,1476217518
10,1476199384,1476203844
1,1476199443,1476201019
6,1476199685,1476218840
19,1476200405,1476203361
4,1476200646,1476204922
1,1476201664,1476203419
12,1476203529,1476206005
1,1476204004,1476204559
4,1476205986,1476221061
1,1476206344,1476217578
10,1476208265,1476214584
10,1476216724,1476216859
1,1476218054,1476221839
6,1476220985,1476221239
4,1476221947,1476223283
1,1476222483,1476223399
7,1476291063,1476292819
7,1476293343,1476300319
2,1476371164,1476375379
7,1476371523,1476377118
1,1476373443,1476388879
2,1476376204,1476378079
2,1476378663,1476379518
2,1476385564,1476386181
2,1476386584,1476394279
11,1476528603,1476529338
1,1476533406,1476535279
2,1476794404,1476796038
2,1476796563,1476824429
16,1476800481,1476801996
16,1476802579,1476803795
8,1476803583,1476811459
12,1476803644,1476803719
12,1476804554,1476805458
16,1476804979,1476805054
11,1476805144,1476824362
6,1476805324,1476819501
4,1476805624,1476824304
16,1476806477,1476807513
16,1476808157,1476810512
1,1476808926,1476824243
12,1476817864,1476818900
2,1476962163,1476980718
4,1476973388,1476976462
2,1477044724,1477078279
2,1477231983,1477252459
2,1477320124,1477330879
1,1477329364,1477330998
2,1477396684,1477431079
4,1477407364,1477416019
11,1477407486,1477431382
1,1477410185,1477413919
8,1477410185,1477415242
12,1477414690,1477415242
1,1477414747,1477414943
4,1477416844,1477431382
12,1477417930,1477418665
1,1477418890,1477425323
1,1477425908,1477431382
2,1477580163,1477583839
2,1477659364,1477683558
2,1477840444,1477861759
11,1477853285,1477863562
4,1477853765,1477863502
1,1477854426,1477863563
2,1478009465,1478034378
8,1478015824,1478018598
12,1478017503,1478025260
1,1478019125,1478031678
20,1478019545,1478020579
20,1478022305,1478024060
4,1478022364,1478032520
1,1478031724,1478031799
4,1478033463,1478033898
1,1478033463,1478034619
2,1478094603,1478100619
2,1478101504,1478118380
8,1478180224,1478194638
2,1478359324,1478390059
8,1478508243,1478518158
8,1478524623,1478530699
8,1478611384,1478628141
16,1478618542,1478621020
2,1478618704,1478623761
17,1478621234,1478621309
17,1478621893,1478622027
17,1478622674,1478624849
11,1478623686,1478625806
1,1478623687,1478624422
4,1478623687,1478636362
2,1478624284,1478626161
12,1478624595,1478625329
1,1478625069,1478635641
16,1478625081,1478627493
17,1478625490,1478629105
11,1478626387,1478626462
12,1478626874,1478627126
20,1478626930,1478635823
11,1478627047,1478629042
2,1478629147,1478647278
11,1478629571,1478636421
2,1478678584,1478701459
1,1478880484,1478880559
1,1478881204,1478887878
1,1478891823,1478891959
2,1479054304,1479080305
2,1479201543,1479251778
4,1479221644,1479233480
16,1479223401,1479229835
19,1479226686,1479227599
20,1479227465,1479240740
1,1479228188,1479250345
19,1479228485,1479229400
7,1479233770,1479243865
4,1479235143,1479249799
9,1479247747,1479250283
1,1479321246,1479332418
4,1479321543,1479329600
1,1479363064,1479365358
4,1479363964,1479364818
4,1479365524,1479366019
1,1479366005,1479366258
1,1479367504,1479367999
1,1479368824,1479368959
1,1479371404,1479371539
1,1479372484,1479373939
1,1479374464,1479375499
1,1479376083,1479376218
1,1479376864,1479378319
4,1479377464,1479378439
1,1479389883,1479391159
4,1479390724,1479391279
1,1479391804,1479392359
4,1479391983,1479393859
1,1479392943,1479394460
1,1479395704,1479412159
4,1479395824,1479400999
9,1479395883,1479400398
2,1479404167,1479415582
4,1479404283,1479411919
9,1479404704,1479408619
9,1479409384,1479411978
4,1479562925,1479563000
1,1479650824,1479658698
4,1479652624,1479658819
2,1479751503,1479760759
1,1479759906,1479761901
2,1479761404,1479776298
2,1479776824,1479777258
2,1479826984,1479833118
16,1479827362,1479836435
8,1479829263,1479835219
4,1479830345,1479849921
2,1479833644,1479839719
12,1479833893,1479844888
8,1479836349,1479836663
7,1479836408,1479836543
7,1479837369,1479838163
1,1479837370,1479840324
7,1479838688,1479856045
2,1479840244,1479841639
1,1479840967,1479841584
9,1479841873,1479847708
2,1479842225,1479855258
1,1479842350,1479848065
2,1479855904,1479855979
9,1479857359,1479862293
1,1479857412,1479862287
2,1479998404,1480000279
2,1480008003,1480009458
1,1480012863,1480014078
2,1480014664,1480021038
2,1480339443,1480346239
2,1480348024,1480348639
2,1480360324,1480363278
2,1480363984,1480371858
2,1480372383,1480372818
2,1480373344,1480373778
2,1480421704,1480430419
16,1480433422,1480443275
19,1480435271,1480437680
8,1480435564,1480443439
4,1480439164,1480446801
19,1480440666,1480440920
2,1480501084,1480516698
8,1480508223,1480518079
2,1480517284,1480518258
2,1480612444,1480623798
8,1480684744,1480701918
2,1480706044,1480715480
2,1480869603,1480884618
17,1480949534,1480950329
2,1481032143,1481039899
2,1481054224,1481066599
1,1481134568,1481151259
9,1481143503,1481151079
2,1481293447,1481296159
1,1481293447,1481304499
2,1481296684,1481307019
1,1481305384,1481321898
2,1481307664,1481315183
2,1481315763,1481327599
1,1481322424,1481330067
2,1481328243,1481329938
1,1481468887,1481468962
1,1481471205,1481471280
1,1481473010,1481473085
1,1481484774,1481484860
2,1481545576,1481545651
2,1481638310,1481638385
16,1481640937,1481641015
2,1481644311,1481644386
1,1481646732,1481646807
4,1481647166,1481647241
1,1481647342,1481647417
12,1481647433,1481647544
12,1481647840,1481648208
4,1481648484,1481648559
16,1481648821,1481649036
7,1481649648,1481672251
12,1481650488,1481651080
16,1481650962,1481651037
12,1481651386,1481655926
16,1481651769,1481652623
1,1481654186,1481662830
2,1481665046,1481672348
1,1481665947,1481667832
2,1481721555,1481745066
7,1481732084,1481760510
2,1481745828,1481760494
1,1481821692,1481836259
2,1481822991,1481841342
8,1481899483,1481913310
2,1481905933,1481919738
2,1481989791,1482003912
2,1482004731,1482009046
1,1482069744,1482072749
4,1482072281,1482072795
1,1482076608,1482081034
4,1482076739,1482079636
1,1482081958,1482105279
2,1482090333,1482090408
2,1482091118,1482105343
8,1482157836,1482163159
1,1482164246,1482169886
2,1482168552,1482180231
1,1482177321,1482183714
9,1482178143,1482183729
2,1482248355,1482274693
12,1482250727,1482258959
1,1482251564,1482274692
8,1482251999,1482258141
4,1482252247,1482263860
20,1482266180,1482266545
1,1482425097,1482446387
9,1482439659,1482446342
4,1482852178,1482865466
19,1482856070,1482861538
2,1482860594,1482870510
20,1482865957,1482870616
2,1483028484,1483034469
2,1483371807,1483396959
1,1483448792,1483449163
4,1483455990,1483457959
2,1483456880,1483479678
12,1483457145,1483463503
4,1483458230,1483466883
12,1483463739,1483470966
1,1483465043,1483472038
20,1483473213,1483474301
1,1483479436,1483479658
2,1483980715,1483988935
2,1483990143,1483999986
2,1484054918,1484087109
8,1484064868,1484069118
1,1484066633,1484067609
12,1484067718,1484076153
1,1484068618,1484068843
1,1484070464,1484087219
20,1484071531,1484080756
7,1484071650,1484081581
27,1484076762,1484077118
1,1484152626,1484183982
27,1484154973,1484161037
2,1484243750,1484247685
1,1484244997,1484247625
1,1484398240,1484399069
1,1484399306,1484404491
2,1484577714,1484584359
1,1484582257,1484584414
1,1484584795,1484590800
2,1484585836,1484603338
2,1484666176,1484677872
12,1484668028,1484680599
6,1484670178,1484674621
29,1484670233,1484672091
27,1484670493,1484675058
11,1484670587,1484694375
4,1484670629,1484694386
1,1484670712,1484673041
7,1484671933,1484682823
1,1484675855,1484697321
9,1484676225,1484697230
6,1484676951,1484695285
6,1484695922,1484696994
2,1484696634,1484697329
1,1484759653,1484766020
2,1484844656,1484869235
1,1485104172,1485116623
4,1485105767,1485108902
11,1485105979,1485116669
4,1485109463,1485116711
1,1485198660,1485204764
1,1485205555,1485212502
8,1485269809,1485279112
12,1485272575,1485275098
11,1485273760,1485296855
4,1485273760,1485296891
7,1485274588,1485278837
12,1485275445,1485284176
1,1485276887,1485280570
29,1485277097,1485294109
14,1485278609,1485284610
2,1485279192,1485296867
20,1485280156,1485280810
20,1485281736,1485288621
1,1485281904,1485296871
7,1485358188,1485378831
1,1485371708,1485372083
2,1485444897,1485458199
1,1485454558,1485468180
2,1485458743,1485468251
2,1485523538,1485549336
7,1485528646,1485532299
1,1485693863,1485708369
2,1485694195,1485719503
2,1485787600,1485820037
1,1485799903,1485818648
9,1485805520,1485818638
16,1485870363,1485885480
8,1485872963,1485880546
6,1485875038,1485910750
2,1485875940,1485911276
31,1485876933,1485879780
29,1485879591,1485886148
1,1485879595,1485880571
11,1485880133,1485880643
12,1485880477,1485890951
11,1485882545,1485906220
1,1485882591,1485911275
32,1485883267,1485891089
27,1485883717,1485891042
20,1485887333,1485900359
1,1485946693,1485946768
2,1485969760,1485987818
7,1486058913,1486067316
2,1486066983,1486067350
1,1486216919,1486237543
1,1486238407,1486238932
1,1486239907,1486241785
2,1486309239,1486327930
1,1486328378,1486328752
2,1486380023,1486409241
2,1486474915,1486499633
1,1486483296,1486495653
16,1486484429,1486492621
6,1486484615,1486501121
12,1486485841,1486492472
32,1486486709,1486495533
11,1486486906,1486500302
4,1486486923,1486500257
27,1486487356,1486495673
12,1486492815,1486495518
1,1486496440,1486502074
2,1486566711,1486600961
2,1486911617,1486912498
2,1486980665,1487011035
2,1487075054,1487106207
16,1487088701,1487097913
7,1487091166,1487094459
20,1487095161,1487102934
1,1487264809,1487289329
2,1487268860,1487271234
7,1487358306,1487369230
1,1487506048,1487506273
1,1487518892,1487506273
1,1487518892,1487520166
1,1487604816,1487621259
16,1487690811,1487702201
7,1487691511,1487697026
6,1487692350,1487694812
6,1487695209,1487697122
4,1487695970,1487702028
8,1487696051,1487702167
1,1487697340,1487710506
6,1487697888,1487698982
6,1487700078,1487705725
3,1487700558,1487709335
6,1487706041,1487707163
6,1487707841,1487708121
3,1487709814,1487713274
2,1487713691,1487713766
6,1487713699,1487713774
17,1487859478,1487867557
2,1488195047,1488201277
4,1488213386,1488224850
6,1488213514,1488214199
6,1488214878,1488215158
6,1488215405,1488215667
2,1488216162,1488260209
6,1488216914,1488217464
6,1488218966,1488219233
1,1488219995,1488221874
3,1488220053,1488225732
6,1488220661,1488220941
6,1488221708,1488221987
1,1488222178,1488224954
6,1488222564,1488222826
6,1488223955,1488224654
8,1488291899,1488301852
7,1488293471,1488303097
3,1488294000,1488302288
1,1488298091,1488314726
2,1488300895,1488325845
3,1488302751,1488302826
12,1488304172,1488308106
6,1488305860,1488318165
20,1488306265,1488312571
1,1488315458,1488325787
6,1488318622,1488319316
6,1488319789,1488320065
6,1488321111,1488321386
6,1488321763,1488322046
6,1488322909,1488323185
6,1488323713,1488324595
6,1488325169,1488325646
4,1488369204,1488369279
2,1488382955,1488383030
29,1488385647,1488385872
2,1488385723,1488385945
11,1488390572,1488395715
1,1488390596,1488394431
7,1488391233,1488399119
11,1488397444,1488398243
2,1488397746,1488400602
1,1488397883,1488398709
4,1488398047,1488398266
33,1488398584,1488400474
3,1488473305,1488474642
33,1488473326,1488474153
7,1488478996,1488490366
7,1488540640,1488560022
2,1488541965,1488543546
1,1488544169,1488544393
4,1488551126,1488551492
4,1488556495,1488556570
7,1488581976,1488582195
12,1488620838,1488633273
7,1488622876,1488636653
27,1488623985,1488632020
33,1488635791,1488636017
1,1488635805,1488637533
1,1488642052,1488642427
3,1488724430,1488724887
7,1488724446,1488724956
29,1488727285,1488727360
7,1488727328,1488727403
7,1488729145,1488729365
1,1488731913,1488732288
4,1488731920,1488732433
8,1488896526,1488914684
16,1488898997,1488910225
7,1488899593,1488904426
4,1488903611,1488903983
4,1488905053,1488923889
32,1488906745,1488916177
12,1488907036,1488918408
27,1488907371,1488919011
3,1488907437,1488911517
11,1488907825,1488923970
7,1488908130,1488908351
2,1488910937,1488929611
20,1488911657,1488920738
3,1488912302,1488912783
1,1488912982,1488921773
3,1488914337,1488914606
3,1488914918,1488915803
6,1488915554,1488923358
3,1488916147,1488920355
2,1489154738,1489182317
7,1489159730,1489170732
7,1489223164,1489258416
2,1489420410,1489511127
7,1489497159,1489513627
16,1489504895,1489515264
3,1489505076,1489513733
8,1489505666,1489508557
4,1489508339,1489521369
1,1489508816,1489521476
12,1489509669,1489513684
2,1489511837,1489529061
12,1489516340,1489516415
7,1489522224,1489523746
7,1489669399,1489669474
7,1489679265,1489679520
8,1489841521,1489844005
2,1490013566,1490040975
7,1490015164,1490024383
7,1490033203,1490040841
7,1490107982,1490128978
16,1490111423,1490121108
3,1490111712,1490117827
2,1490111725,1490133062
12,1490112146,1490120845
6,1490112240,1490130185
11,1490112607,1490121224
4,1490112818,1490134209
1,1490117291,1490121211
3,1490118726,1490118801
3,1490119114,1490120927
11,1490124187,1490134104
1,1490124248,1490134098
3,1490124416,1490124699
3,1490125856,1490128655
3,1490129460,1490130119
3,1490131005,1490132927
20,1490133416,1490133636
7,1490203823,1490206138
2,1490285805,1490299473
7,1490357418,1490360785
7,1490365311,1490392425
2,1490368183,1490399778
2,1490613357,1490643911
1,1490620282,1490643829
7,1490622607,1490641901
6,1490623361,1490637217
27,1490625290,1490641280
8,1490627588,1490637291
6,1490706842,1490712820
2,1490706842,1490735482
6,1490713360,1490716502
7,1490713502,1490717794
1,1490713680,1490735443
8,1490714025,1490716812
11,1490716143,1490729388
4,1490716304,1490729367
27,1490717105,1490729667
3,1490717827,1490723909
7,1490719348,1490723181
3,1490726352,1490735375
34,1490733904,1490734579
2,1490865496,1490899293
7,1490959544,1490967571
3,1490971011,1490971702
7,1490971023,1490974047
35,1491044574,1491050467
3,1491048209,1491050308
2,1491049142,1491049629
36,1491049224,1491061466
2,1491050146,1491076405
7,1491050221,1491061819
4,1491050795,1491052921
3,1491050968,1491053758
11,1491051188,1491053001
6,1491052093,1491091395
35,1491052386,1491052461
1,1491053904,1491068113
3,1491054089,1491059751
3,1491060875,1491062413
3,1491062806,1491066212
11,1491065466,1491089148
20,1491065956,1491075474
3,1491066809,1491067883
4,1491067983,1491089185
3,1491072800,1491074677
1,1491072848,1491074277
3,1491075374,1491075635
1,1491075991,1491089291
3,1491076793,1491078753
2,1491077498,1491079388
3,1491079459,1491080340
3,1491081007,1491091486
2,1491081949,1491089581
6,1491091749,1491091824
2,1491225671,1491248241
6,1491232623,1491236992
7,1491290825,1491291433
7,1491295437,1491305473
2,1491307113,1491341696
7,1491307343,1491314890
11,1491313775,1491330500
4,1491314105,1491330550
20,1491318268,1491331167
7,1491318295,1491327349
27,1491321815,1491333557
16,1491322194,1491326613
6,1491322677,1491325503
8,1491325307,1491326588
1,1491325555,1491330589
6,1491326496,1491335551
3,1491326518,1491333938
34,1491328098,1491328624
34,1491328954,1491333534
7,1491407274,1491414088
2,1491471652,1491491316
4,1491580108,1491581780
11,1491580108,1491581910
1,1491581606,1491581830
1,1491583930,1491584005
7,1491642480,1491647307
8,1491648837,1491660524
2,1491653273,1491689579
7,1491653643,1491675697
7,1491827013,1491835902
2,1491837554,1491866179
7,1491839398,1491854113
7,1491854245,1491854470
7,1491855746,1491866314
7,1491917756,1491951515
2,1491918464,1491926178
12,1491921657,1491938153
37,1491924079,1491933861
2,1491938557,1491951461
8,1492007527,1492007991
2,1492372310,1492372528
7,1492432055,1492432130
7,1492432392,1492447924
2,1492446327,1492468961
7,1492448614,1492457683
2,1492528257,1492557446
12,1492529350,1492530477
37,1492529448,1492536093
7,1492530512,1492540489
34,1492531902,1492542944
20,1492532666,1492534052
3,1492532676,1492537756
12,1492536109,1492540443
3,1492538941,1492539433
3,1492540082,1492540568
3,1492540921,1492543195
7,1492541308,1492541383
34,1492550398,1492554982
7,1492689555,1492709433
2,1492768939,1492801968
7,1492781673,1492790418
8,1492856977,1492863140
34,1492860968,1492870943
2,1492864050,1492882852
7,1492865802,1492882265
20,1492867191,1492872919
37,1492870800,1492881318
2,1492883549,1492899791
16,1492948837,1492959802
8,1492949983,1492959799
7,1492955611,1492971157
1,1492970973,1492971048
7,1493019100,1493038056
2,1493024775,1493056666
7,1493042564,1493057745
2,1493125050,1493153148
6,1493126454,1493130395
27,1493128776,1493129001
7,1493129374,1493144466
6,1493130819,1493131268
27,1493132035,1493135902
6,1493132077,1493134087
37,1493133147,1493142891
6,1493134425,1493139068
11,1493136467,1493144105
1,1493137061,1493153233
4,1493139039,1493150483
6,1493139493,1493143118
3,1493143318,1493150448
11,1493146941,1493150495
6,1493146983,1493147058
6,1493147890,1493148123
6,1493148841,1493149122
6,1493149684,1493151072
6,1493152261,1493152754
2,1493221025,1493230711
7,1493228363,1493230267
2,1493283522,1493306272
2,1493306556,1493308300
2,1493308648,1493309012
2,1493377289,1493409299
7,1493379326,1493389078
7,1493389944,1493399583
7,1493463391,1493491050
1,1493464748,1493476413
6,1493467736,1493498394
37,1493469307,1493477831
1,1493485850,1493498396
1,1493498772,1493498847
2,1493730865,1493735825
1,1493732105,1493735786
6,1493732887,1493735820
1,1493754383,1493754764
11,1493754403,1493756074
1,1493755026,1493756062
2,1493755290,1493755987
6,1493755636,1493755979
20,1493755782,1493756030
7,1493755999,1493756074
1,1493757022,1493764000
4,1493757088,1493758326
6,1493757376,1493757991
20,1493757537,1493758047
20,1493758623,1493759279
2,1493759443,1493766158
4,1493760553,1493764050
2,1493893024,1493896979
2,1493898763,1493901341
1,1493899066,1493915083
27,1493899837,1493907582
16,1493900946,1493906008
27,1493908870,1493918241
8,1493910048,1493915533
6,1493910211,1493910647
6,1493911360,1493911435
2,1493911382,1493931423
6,1493911879,1493915293
6,1493915786,1493918927
1,1493931386,1493931461
11,1493990023,1493990403
1,1493997078,1493997453
2,1493998873,1494020680
2,1494068702,1494099694
38,1494072169,1494073535
38,1494074511,1494074906
38,1494075341,1494077125
38,1494077942,1494078695
1,1494078607,1494084245
38,1494079507,1494092038
11,1494079759,1494082007
37,1494080089,1494093651
20,1494080136,1494093846
4,1494080705,1494081947
8,1494145412,1494157223
11,1494151229,1494158256
4,1494151259,1494158354
8,1494157338,1494161199
2,1494162997,1494192722
1,1494168109,1494183146
2,1494252862,1494281496
3,1494261307,1494269563
7,1494264384,1494281601
1,1494327075,1494334519
2,1494329830,1494367598
8,1494338301,1494343411
27,1494338816,1494344560
7,1494339721,1494346558
4,1494343364,1494364809
37,1494343619,1494354978
38,1494343871,1494343946
6,1494345952,1494346215
38,1494346161,1494346754
7,1494347128,1494348621
27,1494347613,1494359255
6,1494347792,1494348073
1,1494348941,1494361345
6,1494349141,1494361787
7,1494349865,1494367524
3,1494355319,1494362931
6,1494362130,1494362405
6,1494363533,1494364233
6,1494365781,1494366063
6,1494367131,1494367412
1,1494418311,1494420792
7,1494440001,1494440802
2,1494508027,1494538610
1,1494589046,1494589121
2,1494589312,1494617490
4,1494596096,1494600234
2,1494674439,1494675488
11,1494676365,1494695766
4,1494677046,1494688800
2,1494677095,1494712917
37,1494682485,1494694159
4,1494690139,1494695901
2,1494846696,1494876152
7,1494933201,1494939700
11,1494944920,1494964051
4,1494944996,1494952095
1,1494946647,1494974733
6,1494947140,1494955597
37,1494947814,1494957844
38,1494947957,1494949969
7,1494948432,1494948982
7,1494949473,1494978577
16,1494950091,1494951322
38,1494950246,1494952236
38,1494952495,1494953175
3,1494952706,1494954305
38,1494954025,1494954100
4,1494954198,1494964183
38,1494955223,1494955975
20,1494957018,1494965366
11,1494964836,1494968388
4,1494964903,1494968469
3,1494967227,1494968551
2,1495112736,1495136750
1,1495119492,1495126935
27,1495120745,1495123572
7,1495123352,1495136775
3,1495124251,1495124516
3,1495125880,1495126581
3,1495127629,1495129161
1,1495278524,1495283410
27,1495279340,1495288126
7,1495283277,1495296981
11,1495294029,1495299171
4,1495296906,1495299181
8,1495363913,1495379533
16,1495371536,1495379730
1,1495464844,1495480251
7,1495467033,1495482868
2,1495468687,1495495771
1,1495482779,1495486466
7,1495483504,1495500672
2,1495496227,1495498222
4,1495547636,1495559413
12,1495549619,1495564133
37,1495552229,1495561334
1,1495553677,1495571768
2,1495554277,1495571502
7,1495555610,1495561888
3,1495558568,1495559298
6,1495558683,1495571780
7,1495564317,1495569172
2,1495611954,1495640558
6,1495885025,1495924369
1,1495885059,1495924383
34,1495890141,1495924095
36,1495894719,1495901379
20,1495895357,1495910277
2,1495895607,1495901174
37,1495896043,1495904853
44,1496141161,1496150430
2,1496150558,1496201720
3,1496151536,1496152234
4,1496152794,1496166026
3,1496152871,1496152946
6,1496154368,1496161542
35,1496156050,1496166096
37,1496156948,1496168833
12,1496157604,1496165753
20,1496161133,1496161208
6,1496162194,1496173878
34,1496162331,1496167019
12,1496166148,1496171068
34,1496167779,1496168412
1,1496167837,1496169239
34,1496168876,1496173977
1,1496169574,1496174700
9,1496170002,1496174612
40,1496170252,1496170835
40,1496171131,1496174597
1,1496261297,1496262130
6,1496332612,1496333531
2,1496406634,1496432792
2,1496490394,1496533788
2,1496661069,1496691303
2,1496750692,1496765244
8,1496755769,1496760507
12,1496762528,1496771311
1,1496765227,1496768311
8,1496765350,1496766327
6,1496765724,1496787647
1,1496776394,1496787563
7,1497013600,1497016931
8,1497087495,1497087859
8,1497088549,1497088624
8,1497095896,1497096656
8,1497102989,1497103064
1,1497111004,1497119277
1,1497119925,1497127824
8,1497360728,1497365967
12,1497362280,1497380448
1,1497365418,1497387901
3,1497378300,1497383443
3,1497384100,1497387044
3,1497387588,1497387854
2,1497536184,1497548255
1,1497541019,1497551512
7,1497697320,1497721423
2,1497707043,1497720989
2,1497850389,1497881164
1,1497893402,1497893628
2,1497958389,1497961088
2,1497961974,1497993540
12,1497967376,1497968276
12,1497971220,1497985156
37,1497971766,1497981316
1,1497973203,1497976900
6,1497973390,1497997934
3,1497975297,1497976458
20,1497976795,1497989291
34,1497979272,1497985141
1,1497979541,1497985552
41,1497982417,1497985075
1,1497985567,1497993505
41,1497985575,1497993574
34,1497985628,1497992967
1,1498485722,1498493111
3,1498486546,1498493273
1,1498572813,1498575711
34,1498574622,1498575732
34,1498576226,1498580202
1,1498576238,1498592458
6,1498578741,1498578966
8,1498581686,1498584597
2,1498581989,1498597540
34,1498583365,1498585092
8,1498585417,1498585942
41,1498585886,1498597846
34,1498586528,1498591792
6,1498643085,1498643160
1,1498738486,1498739345
8,1498745952,1498746475
2,1498758191,1498758569
2,1498914891,1498935373
37,1498916485,1498924580
34,1498918820,1498934951
1,1499174509,1499201882
35,1499180119,1499186844
37,1499181017,1499188802
2,1499185320,1499207315
34,1499185334,1499194257
6,1499186092,1499203809
35,1499188237,1499191308
12,1499188623,1499191880
41,1499191415,1499201227
34,1499194643,1499205211
34,1499205632,1499206936
6,1499510029,1499516919
2,1499515873,1499554404
6,1499518101,1499527112
37,1499520536,1499528216
6,1499527348,1499554279
2,1499613518,1499631827
6,1499613527,1499613602
6,1499613960,1499622649
6,1499623060,1499623135
16,1499698810,1499700769
1,1499707418,1499710509
36,1499768108,1499776219
6,1499768220,1499774007
2,1499773867,1499807723
3,1499774486,1499784021
6,1499776971,1499807697
34,1499777408,1499807546
1,1499779147,1499799806
37,1499785361,1499796576
41,1499795040,1499803958
2,1499872700,1499881850
6,1499873109,1499887016
1,1499873201,1499877325
34,1499875542,1499878027
3,1499877433,1499882174
1,1499879647,1499886989
34,1499879743,1499883280
34,1499883727,1499885725
34,1499886058,1499886133
8,1499952680,1499958500
2,1500031783,1500044258
2,1500120071,1500147326
1,1500124760,1500127097
2,1500214361,1500229275
2,1500282543,1500331493
36,1500306928,1500307003
36,1500307476,1500311474
1,1500312263,1500323691
6,1500312406,1500313084
41,1500313575,1500315466
6,1500314267,1500323654
2,1500386472,1500417246
4,1500388641,1500398167
37,1500389004,1500398966
8,1500389133,1500394778
36,1500394010,1500398588
6,1500396170,1500417146
42,1500396971,1500410784
41,1500401375,1500402365
41,1500402950,1500407580
42,1500411536,1500415195
1,1500414262,1500415690
42,1500415877,1500416102
2,1500471257,1500471749
2,1500656238,1500685540
8,1500720589,1500726368
6,1500723447,1500726344
6,1500726616,1500732173
2,1500728275,1500732202
20,1500729293,1500732707
2,1500732457,1500732822
2,1500814451,1500839758
1,1500903510,1500906439
1,1500991766,1500991841
2,1500991936,1500992011
41,1501073456,1501073531
41,1501075752,1501075853
41,1501076141,1501076368
1,1501077254,1501079593
1,1501080194,1501083440
2,1501161168,1501199841
34,1501167230,1501168507
37,1501168403,1501179903
34,1501170137,1501172237
34,1501173417,1501174594
34,1501176787,1501176862
34,1501177752,1501177827
34,1501178383,1501178458
34,1501182290,1501199335
1,1501242791,1501254946
1,1501260949,1501261323
1,1501585682,1501589978
1,1501591246,1501619056
3,1501594254,1501606956
34,1501594386,1501619011
6,1501599826,1501614793
37,1501600347,1501607218
20,1501600551,1501616299
36,1501601326,1501605910
10,1501606864,1501608440
1,1501672008,1501681159
1,1501685768,1501693521
34,1501685787,1501697162
1,1501700637,1501726702
34,1501700899,1501700974
34,1501703237,1501714823
34,1501715158,1501726400
1,1502206525,1502211885
12,1502207313,1502217794
20,1502208061,1502222972
6,1502211014,1502236917
2,1502212609,1502236957
41,1502217852,1502224609
1,1502273362,1502273437
36,1502377085,1502377160
36,1502377603,1502385095
1,1502377735,1502385046
44,1502534750,1502546888
37,1502536926,1502546515
6,1502805394,1502833470
1,1502806324,1502840717
37,1502810084,1502820441
12,1502810686,1502823338
36,1502811124,1502815703
16,1502811468,1502820215
6,1502985070,1502986353
2,1502985107,1502986492
6,1503239674,1503240052
37,1503239956,1503250193
6,1503241007,1503250492
6,1503411762,1503422008
1,1503413885,1503442403
16,1503414727,1503425453
12,1503417617,1503430433
6,1503422368,1503430859
41,1503430047,1503431032
1,1503504943,1503517392
41,1503506029,1503507466
6,1503745591,1503753992
37,1503748065,1503763414
3,1503751719,1503754073
34,1503755594,1503767857
3,1503756551,1503757682
6,1503756572,1503767929
43,1503756785,1503761632
43,1503783169,1503783258
6,1503831894,1503831969
2,1503842150,1503842225
2,1503843572,1503844658
8,1504013667,1504017677
16,1504013918,1504020398
8,1504018158,1504024552
34,1504018222,1504019506
6,1504018585,1504021228
1,1504019430,1504020174
37,1504019662,1504033634
1,1504020533,1504020953
16,1504020693,1504025504
36,1504021040,1504025765
27,1504023459,1504031224
1,1504023617,1504030045
34,1504024931,1504030654
3,1504028143,1504028368
6,1504030499,1504034143
42,1504030535,1504034164
34,1504030896,1504031426
20,1504031356,1504031865
20,1504032419,1504033669
1,1504186054,1504197195
34,1504191400,1504197204
1,1504202371,1504211185
34,1504202423,1504211229
2,1504296937,1504298667
8,1504350369,1504362939
7,1504350976,1504353525
37,1504352662,1504362479
7,1504354728,1504354954
34,1504357177,1504357252
34,1504358032,1504362770
27,1504438696,1504439786
27,1504440257,1504440765
1,1504621556,1504636569
9,1504621787,1504624576
37,1504623515,1504637903
16,1504623533,1504635930
34,1504625339,1504638549
12,1504625771,1504625846
12,1504626117,1504638616
3,1504627939,1504629727
6,1504631258,1504638527
6,1504795443,1504795712
6,1504795994,1504808568
1,1504803026,1504818082
34,1504803239,1504818016
1,1504957752,1504965694
37,1504957973,1504971907
34,1504960739,1504960814
34,1504961045,1504978449
1,1504966349,1504978476
6,1505141970,1505151312
35,1505142081,1505151114
27,1505142398,1505151077
1,1505142699,1505151252
1,1505151782,1505152008
6,1505225929,1505243525
1,1505226178,1505229275
37,1505228969,1505240071
16,1505229949,1505240526
27,1505230591,1505241249
1,1505237046,1505243478
3,1505308260,1505312009
44,1505308447,1505311289
44,1505311625,1505311845
1,1505416449,1505416524
2,1505490419,1505492148
6,1505559238,1505567109
36,1505559275,1505570088
35,1505562122,1505567035
37,1505564004,1505571327
20,1505564912,1505585440
6,1505570935,1505586848
35,1505571078,1505572243
8,1505651616,1505653942
2,1505750592,1505758816
1,1505758144,1505758904
8,1505826876,1505844847
16,1505827305,1505845258
12,1505832682,1505844756
27,1505834238,1505844895
37,1505834357,1505843148
1,1505835179,1505862773
6,1505837729,1505862552
20,1505840658,1505851817
34,1505849990,1505862861
1,1506002953,1506012240
1,1506014081,1506015059
44,1506086223,1506086737
27,1506163613,1506175736
45,1506166486,1506179108
2,1506169739,1506173287
6,1506169739,1506213272
1,1506169766,1506213377
3,1506181511,1506212135
46,1506192193,1506197700
8,1506246785,1506265218
16,1506247840,1506265202
1,1506364287,1506365287
47,1506364664,1506365189
8,1506431734,1506438142
16,1506435583,1506449436
3,1506436256,1506439190
6,1506436570,1506470924
12,1506438173,1506451763
27,1506438213,1506438431
8,1506438854,1506449175
37,1506438882,1506448630
27,1506439341,1506455229
1,1506440722,1506470885
20,1506444311,1506456435
1,1506701991,1506702372
2,1506702995,1506704334
6,1506770161,1506823502
37,1506776425,1506786530
48,1506776841,1506793088
1,1506776916,1506783508
20,1506779004,1506798522
46,1506781126,1506782709
45,1506792243,1506809902
48,1506793184,1506813048
1,1506806585,1506823409
8,1507039732,1507047316
16,1507039768,1507054690
6,1507040414,1507061439
1,1507041018,1507048052
48,1507042833,1507046833
37,1507043865,1507053608
12,1507045505,1507054710
8,1507048266,1507054367
1,1507048793,1507077403
50,1507051250,1507056542
34,1507054694,1507077333
41,1507059369,1507068093
2,1507059376,1507077395
8,1507368912,1507381071
1,1507374433,1507386893
51,1507374496,1507386875
6,1507374505,1507386920
45,1507375166,1507386902
37,1507375353,1507386838
36,1507376187,1507383818
3,1507377482,1507386808
38,1507379670,1507386840
11,1507380491,1507386795
4,1507380693,1507386790
34,1507380759,1507382037
43,1507382946,1507385154
43,1507386528,1507386891
34,1507386605,1507386830
48,1507386744,1507386869
11,1507388079,1507388589
6,1507388082,1507414804
3,1507388089,1507388164
38,1507388089,1507388164
4,1507388089,1507388168
48,1507388089,1507420734
1,1507388092,1507388172
34,1507388132,1507388207
51,1507388150,1507390399
38,1507388391,1507397550
3,1507388391,1507403464
1,1507388398,1507388624
43,1507388429,1507390282
34,1507388676,1507389804
20,1507389772,1507398225
43,1507390893,1507393848
34,1507391166,1507391842
27,1507391733,1507391808
27,1507392110,1507397689
34,1507392380,1507420473
11,1507392967,1507393766
1,1507392974,1507414846
43,1507394660,1507395425
8,1507460701,1507475076
1,1507467013,1507486112
34,1507484174,1507486104
34,1507486632,1507487008
1,1507486895,1507486970
34,1507487310,1507488288
1,1507487328,1507488305
8,1507646597,1507657961
1,1507646774,1507678411
12,1507647622,1507661060
51,1507648441,1507656912
37,1507648486,1507659420
34,1507649401,1507672209
6,1507652151,1507678405
53,1507658029,1507664023
20,1507661974,1507662506
3,1507664687,1507667174
2,1507699759,1507706547
2,1507708746,1507710774
8,1507814276,1507824893
6,1507824325,1507830460
1,1507824336,1507838920
51,1507824339,1507838498
6,1507831247,1507836161
6,1507836647,1507838930
1,1507839259,1507843106
6,1507839259,1507843195
1,1507848311,1507851749
6,1507848429,1507851678
16,1507975656,1507991639
6,1507976316,1508025584
8,1507979785,1507991001
3,1507980761,1507991891
34,1507982491,1507987385
20,1507984719,1508006179
37,1507985224,1507996653
46,1507989293,1507995092
48,1507993214,1508025531
34,1507994895,1508025193
38,1507996330,1507996687
43,1507996748,1508024048
1,1508076887,1508085349
34,1508078867,1508079678
34,1508080394,1508092108
1,1508085363,1508091678
34,1508092733,1508099714
1,1508094753,1508096246
1,1508097728,1508099617
34,1508100227,1508101797
1,1508100348,1508101780
34,1508102444,1508102521
1,1508102594,1508102975
1,1508104587,1508104818
2,1508232243,1508238003
2,1508247441,1508267625
34,1508249203,1508258303
3,1508249962,1508258962
16,1508250044,1508263471
11,1508253015,1508258446
27,1508253055,1508258351
4,1508253306,1508259390
37,1508253381,1508259963
38,1508254006,1508263607
51,1508256189,1508271964
1,1508256507,1508271935
6,1508256849,1508274842
43,1508257214,1508259193
34,1508258560,1508280280
48,1508258565,1508272486
27,1508259027,1508260697
43,1508259717,1508270621
27,1508260980,1508268882
41,1508262535,1508274487
11,1508263111,1508271147
4,1508263922,1508276630
2,1508267915,1508272003
1,1508272179,1508280567
51,1508272539,1508274848
2,1508273605,1508280589
1,1508339384,1508343968
6,1508347050,1508358640
1,1508348301,1508361468
6,1508577689,1508599870
34,1508587184,1508613196
38,1508588239,1508599553
1,1508588502,1508603797
20,1508600257,1508602522
3,1508603234,1508613174
20,1508607334,1508609298
3,1508775553,1508781525
16,1508851882,1508870406
1,1508856275,1508880989
27,1508856865,1508868846
20,1508857999,1508872174
37,1508858340,1508866787
51,1508858654,1508880911
6,1508858706,1508881037
12,1508859405,1508869316
34,1508859610,1508880926
8,1508863527,1508866765
48,1508873982,1508879741
1,1508963727,1508963802
1,1509036263,1509045201
34,1509040933,1509045222
6,1509187956,1509233117
8,1509187987,1509199956
1,1509189568,1509191745
51,1509191576,1509200348
4,1509191713,1509200343
11,1509192572,1509200320
37,1509195688,1509202068
1,1509197032,1509200983
1,1509201440,1509215380
9,1509204156,1509208990
20,1509207207,1509207881
20,1509208970,1509214453
9,1509212526,1509212902
9,1509213578,1509218191
20,1509216493,1509217729
2,1509226432,1509233273
8,1509282671,1509288313
34,1509286568,1509288306
1,1509287833,1509288208
34,1509293685,1509313053
1,1509293792,1509313351
8,1509293845,1509295841
54,1509294058,1509294308
27,1509425883,1509426103
12,1509465446,1509479992
6,1509465545,1509495106
51,1509465650,1509469348
34,1509465964,1509494768
37,1509466836,1509475493
4,1509467429,1509469309
20,1509468957,1509486887
38,1509470217,1509474506
48,1509470492,1509482812
1,1509470933,1509495015
51,1509473342,1509495120
2,1509479914,1509482303
2,1509483441,1509495030
27,1509634442,1509637510
12,1509635454,1509653392
6,1509636536,1509650701
55,1509636689,1509637969
27,1509638401,1509643536
1,1509640371,1509653377
27,1509644230,1509645486
55,1509724598,1509724935
55,1509725180,1509736102
12,1509790550,1509790872
2,1509796810,1509816170
6,1509808062,1509837210
27,1509808240,1509811941
43,1509808476,1509820624
1,1509812587,1509827261
38,1509813188,1509816566
48,1509820590,1509837204
43,1509821862,1509827474
43,1509827769,1509828609
43,1509835569,1509836110
1,1509885685,1509886283
1,1509886693,1509887501
55,1509887400,1509892379
1,1509887843,1509888217
55,1509892658,1509893138
1,1509893243,1509897945
55,1509893452,1509895088
55,1509895499,1509897850
6,1509903218,1509907161
51,1509990329,1510014375
6,1509990386,1510014217
1,1509997501,1510005278
8,1510065411,1510080126
27,1510066934,1510083108
35,1510067043,1510075211
1,1510067380,1510073316
6,1510068925,1510089548
16,1510069333,1510081810
38,1510070293,1510079376
12,1510070689,1510084684
37,1510071053,1510080154
51,1510072884,1510089495
1,1510077237,1510089466
20,1510078192,1510078267
20,1510078539,1510083576
55,1510244405,1510244480
55,1510245229,1510245566
55,1510245877,1510246204
1,1510246857,1510266480
55,1510247024,1510247361
55,1510247832,1510248836
55,1510249075,1510249412
55,1510249735,1510251928
55,1510252358,1510255558
1,1510309748,1510317485
6,1510309758,1510317541
2,1510314597,1510317739
8,1510399452,1510416525
1,1510401322,1510412545
37,1510406179,1510412409
20,1510406236,1510411247
3,1510406623,1510410801
1,1510415242,1510416519
1,1510419716,1510420241
1,1510500557,1510505010
1,1510505956,1510506031
1,1510506636,1510509909
1,1510510424,1510510965
55,1510588204,1510588973
55,1510589215,1510589777
55,1510590208,1510592780
55,1510593361,1510593698
55,1510594058,1510596329
55,1510596561,1510597626
55,1510597861,1510600199
16,1510673939,1510687042
55,1510674596,1510676570
12,1510675139,1510689570
6,1510675402,1510688545
37,1510675816,1510683969
55,1510677008,1510677392
55,1510677868,1510677944
48,1510677960,1510698460
27,1510678469,1510689595
55,1510678667,1510681083
1,1510679969,1510701419
55,1510681515,1510682304
46,1510685694,1510700443
6,1510689615,1510701435
55,1510760215,1510760834
55,1510761147,1510763848
6,1510762669,1510781371
51,1510772636,1510781408
1,1510774104,1510781426
1,1510783926,1510790368
6,1510783962,1510790334
51,1510787412,1510790384
55,1510849726,1510850924
55,1510851285,1510852932
55,1510853194,1510856766
8,1511005779,1511008558
6,1511007015,1511040130
1,1511008307,1511040130
16,1511008927,1511012344
37,1511011856,1511021911
42,1511014890,1511028135
51,1511014905,1511036727
36,1511016138,1511018396
3,1511023451,1511040146
48,1511028384,1511040225
38,1511030704,1511031755
8,1511091834,1511106434
16,1511092034,1511107416
1,1511278715,1511299547
16,1511279024,1511289547
8,1511279102,1511279796
37,1511279988,1511290626
8,1511280116,1511281147
51,1511280181,1511289667
27,1511280495,1511295542
11,1511285313,1511290888
4,1511285313,1511290947
8,1511285498,1511285687
20,1511288332,1511289568
51,1511290313,1511299516
41,1511290841,1511292422
48,1511291107,1511302957
6,1511291198,1511299516
34,1511293372,1511302012
4,1511363271,1511375295
34,1511364382,1511388305
1,1511366479,1511388318
8,1511531171,1511542684
1,1511534901,1511555213
34,1511535790,1511555244
8,1511608094,1511624597
34,1511620467,1511624700
1,1511622506,1511624510
1,1511627078,1511634668
34,1511627244,1511634781
55,1511695759,1511697245
34,1511708317,1511722182
1,1511866188,1511873257
3,1511872083,1511877113
1,1511873258,1511888072
34,1511877755,1511884063
8,1511879812,1511891651
37,1511884562,1511893763
27,1511885330,1511899191
51,1511885807,1511888212
53,1511886199,1511887141
11,1511887380,1511891073
4,1511887572,1511891109
3,1511888383,1511891184
46,1511889615,1511895291
51,1511893674,1511915137
11,1511893912,1511904264
4,1511893919,1511904243
56,1511896626,1511915182
1,1511906438,1511913205
6,1511908119,1511915195
54,1511960448,1511962986
54,1512027053,1512027274
8,1512215984,1512227953
56,1512219311,1512229163
6,1512219342,1512242608
37,1512219687,1512230560
27,1512221709,1512235203
1,1512223429,1512228814
20,1512227156,1512241751
56,1512234011,1512242661
1,1512237598,1512242146
56,1512317172,1512319036
56,1512398798,1512405344
8,1512398807,1512401742
1,1512399207,1512404807
34,1512400949,1512401738
8,1512403211,1512404943
34,1512477113,1512482550
34,1512483901,1512483976
34,1512484229,1512493011
6,1512486460,1512493782
16,1512490820,1512496204
1,1512491284,1512501947
51,1512491508,1512493931
20,1512493447,1512501934
51,1512494197,1512501950
6,1512494443,1512501966
43,1512497886,1512501950
33,1512497905,1512499341
1,1512502708,1512504590
43,1512502992,1512504595
6,1512503604,1512504589
6,1512507945,1512512535
51,1512509073,1512512620
43,1512509687,1512509841
1,1512510057,1512511471
43,1512510190,1512511157
48,1512510521,1512512489
6,1512662180,1512672528
27,1512662211,1512671158
1,1512662338,1512670228
35,1512662613,1512671674
34,1512664571,1512672630
3,1512665414,1512670650
7,1512667603,1512671105
7,1512671496,1512671571
6,1512753528,1512753962
6,1512820888,1512845837
51,1512821110,1512845824
1,1512827846,1512864616
20,1512828942,1512839475
34,1512830843,1512845852
46,1512838182,1512838257
48,1512844546,1512848729
51,1512846963,1512864714
6,1512847097,1512851665
34,1512847357,1512864556
48,1512849371,1512863999
8,1512911657,1512927381
34,1512926302,1512928847
34,1513006812,1513016885
8,1513091416,1513094802
34,1513091958,1513094205
6,1513094188,1513109233
37,1513095156,1513103246
16,1513096010,1513103367
27,1513096790,1513108969
3,1513098653,1513101606
51,1513099678,1513120631
1,1513103033,1513120537
27,1513108974,1513109193
1,1513429427,1513461142
37,1513429549,1513437712
8,1513429634,1513444404
6,1513429639,1513430621
6,1513430854,1513460634
3,1513432015,1513439358
51,1513439261,1513460637
34,1513456050,1513461212
34,1513592853,1513626996
8,1513608871,1513621445
1,1513610626,1513627968
34,1513627384,1513627894
1,1513688702,1513694501
8,1513694686,1513703198
37,1513699967,1513708618
34,1513701098,1513710035
12,1513702507,1513713143
27,1513702552,1513711768
6,1513704027,1513719040
1,1513708185,1513719083
3,1513708351,1513719211
34,1513711432,1513711507
34,1513715424,1513715499
34,1513716866,1513716941
6,1514312983,1514315420
8,1514547648,1514547907
8,1514548608,1514569127
34,1514563577,1514565100
8,1514724467,1514730256
1,1514815323,1514815999
34,1514906875,1514918841
1,1514907861,1514918907
55,1514909885,1514915875
37,1514910361,1514919412
38,1514913006,1514919097
55,1514916165,1514917734
41,1514918434,1514934129
1,1514919647,1514934002
34,1514919691,1514933978
33,1515077699,1515091881
1,1515078211,1515110594
48,1515078245,1515086005
51,1515078661,1515081771
6,1515078739,1515091805
43,1515078797,1515079023
43,1515080194,1515081551
34,1515080750,1515110521
43,1515082537,1515087962
1,1515240616,1515248904
6,1515240689,1515272908
37,1515242487,1515252264
20,1515243246,1515255104
1,1515255891,1515260471
1,1515260754,1515272849
9,1515336644,1515336725
8,1515422334,1515428439
1,1515509319,1515538894
8,1515509326,1515520382
57,1515511370,1515513003
58,1515511421,1515516800
6,1515511790,1515538952
34,1515512306,1515539076
57,1515513238,1515513788
57,1515514398,1515516199
7,1515515824,1515520283
12,1515516647,1515529431
57,1515516704,1515516779
37,1515516720,1515522745
59,1515516759,1515519992
58,1515517210,1515519714
57,1515517211,1515517548
57,1515518366,1515519234
57,1515519528,1515519746
51,1515524275,1515526954
1,1515600065,1515600739
1,1515685168,1515693958
6,1515685180,1515693982
34,1515685435,1515694078
8,1515845031,1515861185
1,1515845729,1515861143
37,1515850069,1515862002
34,1515859129,1515859495
34,1515859961,1515880684
46,1515860546,1515877424
1,1515864922,1515880642
1,1516038265,1516038340
1,1516115624,1516136990
3,1516115625,1516128786
16,1516118336,1516129899
12,1516118783,1516129839
37,1516119018,1516127887
50,1516121177,1516126306
6,1516124427,1516126322
51,1516131550,1516136836
6,1516132786,1516136882
27,1516170035,1516170255
1,1516197144,1516208671
6,1516198004,1516208691
1,1516208972,1516209047
4,1516284936,1516300187
6,1516287819,1516299152
43,1516288522,1516296826
1,1516288748,1516310053
34,1516288967,1516289187
1,1516454082,1516485527
37,1516455969,1516465242
58,1516456150,1516460012
57,1516456247,1516458335
20,1516458913,1516473469
57,1516459152,1516462846
58,1516461099,1516465417
38,1516461441,1516476564
57,1516463191,1516464285
48,1516463486,1516485260
34,1516464301,1516484754
57,1516464593,1516464929
57,1516465162,1516465508
58,1516465825,1516471958
57,1516465862,1516466082
57,1516466467,1516471512
57,1516471773,1516471848
58,1516472238,1516479439
57,1516472403,1516474940
3,1516474957,1516485658
1,1516563914,1516564139
1,1516633395,1516650590
6,1516637000,1516650601
27,1516637338,1516644957
8,1516637761,1516643860
35,1516638456,1516646012
7,1516641221,1516648038
51,1516649679,1516650621
27,1516715832,1516732196
1,1516716037,1516727217
6,1516716095,1516727181
51,1516719920,1516720720
3,1516719938,1516727120
57,1516719973,1516720902
58,1516720338,1516726802
34,1516720815,1516727269
57,1516721675,1516724187
51,1516721958,1516737706
16,1516722361,1516732143
38,1516723525,1516735493
37,1516724245,1516733788
57,1516724427,1516725546
8,1516725130,1516731661
57,1516725958,1516730668
1,1516728914,1516750436
6,1516729537,1516737714
57,1516731200,1516731421
57,1516731714,1516732051
34,1516732326,1516750465
57,1516732333,1516733873
57,1516734339,1516735789
57,1516739464,1516740085
1,1517059085,1517076149
38,1517063060,1517066664
37,1517063615,1517072216
38,1517067688,1517074704
1,1517325569,1517338402
59,1517326683,1517338201
12,1517327531,1517337674
27,1517327753,1517343352
37,1517328456,1517337024
16,1517328796,1517335547
34,1517328974,1517343507
6,1517329789,1517334266
47,1517332943,1517335875
51,1517334026,1517338299
6,1517335184,1517352750
20,1517339157,1517342997
1,1517339423,1517352860
51,1517339584,1517352700
